id	name	type	display_id	sightings	submissions	zones	example_zone	example_map_id	example_x	example_y	example_z	example_map_x	example_map_y	lock_id	lock_type	other_names	seen_in	zone_list
68	Stormwind City Guard			32	1	2	Alterac	0	-8394.600	1071.230	31.631	-10.300	530.100				dumps-part1	Alterac | Stormwind
118				1	1	1	Stormwind	0	-8809.738	654.168	98.198	61.500	70.300				dumps-part1	Stormwind
165				2	1	1	Stormwind	0	-8808.260	622.623	94.549	63.300	70.100				dumps-part1	Stormwind
277	Roberto Pupellyverbos			1	1	1	Stormwind	0	-8886.150	679.911	100.080	60.000	76.900				dumps-part1	Stormwind
279	Morgan Pestle			1	1	1	Stormwind	0	-8857.690	625.498	95.990	63.200	74.400				dumps-part1	Stormwind
299				1	1	1	Stormwind	0	-8787.798	610.767	98.081	64.000	68.400				dumps-part1	Stormwind
307	Pinto			1	1	1	Barrens	1	-960.348	-3634.570	17.300	61.800	38.100				dumps-part1	Barrens
340	Kendor Kabonka			1	1	1	Stormwind	0	-8606.150	376.913	110.262	77.500	52.700				dumps-part1	Stormwind
352	Dungar Longdrink			2	1	1	Stormwind	0	-8835.650	489.223	109.615	71.000	72.500				dumps-part1	Stormwind
356	Black Wolf			8	1	1	Durotar	1	165.729	-4782.020	12.009	53.300	46.600				dumps-part1	Durotar
384	Katie Hunter			2	1	1	Stormwind	0	-8741.130	386.674	101.057	76.900	64.300				dumps-part1	Stormwind
466	General Marcus Jonathan			1	1	1	Stormwind	0	-8953.950	521.019	96.357	69.200	82.700				dumps-part1	Stormwind
482	Elling Trias			2	1	1	Stormwind	0	-8854.120	575.652	101.067	66.000	74.100				dumps-part1	Stormwind
483	Elaine Trias			2	1	1	Stormwind	0	-8845.680	566.492	94.688	66.600	73.400				dumps-part1	Stormwind
525				3	1	1	Stormwind	0	-8842.648	492.838	109.609	70.800	73.100				dumps-part1	Stormwind
629	Rikki			1	1	1	Durotar	1	-601.148	-4241.875	38.956	43.100	68.400				dumps-part1	Durotar
656	Wilder Thistlenettle			1	1	1	Stormwind	0	-8469.000	501.280	99.832	70.300	40.800				dumps-part1	Stormwind
729	Sin'Dall			2	1	2	Alterac	0	-6515.218	-1168.959	309.102	69.700	429.400				dumps-part1	Alterac | SearingGorge
918	Osborne the Night Man			1	1	1	Stormwind	0	-8752.300	377.572	101.056	77.400	65.300				dumps-part1	Stormwind
957	Dane Lindgren			1	1	1	Stormwind	0	-8425.000	608.796	95.209	64.100	37.100				dumps-part1	Stormwind
1019				1	1	1	Durotar	1	332.913	-4689.427	16.458	51.600	41.900				dumps-part1	Durotar
1022				2	1	1	Durotar	1	299.265	-4738.429	9.334	52.500	42.800				dumps-part1	Durotar
1023				1	1	1	Stormwind	0	-8838.274	646.554	95.964	61.900	72.700				dumps-part1	Stormwind
1257	Keldric Boucher			1	1	1	Stormwind	0	-8865.020	631.844	96.173	62.800	75.000				dumps-part1	Stormwind
1275	Kyra Boucher			1	1	1	Stormwind	0	-8863.870	626.459	95.990	63.100	74.900				dumps-part1	Stormwind
1285	Thurman Mullby			2	1	1	Stormwind	0	-8831.750	596.355	95.579	64.800	72.200				dumps-part1	Stormwind
1286	Edna Mullby			2	1	1	Stormwind	0	-8821.220	598.249	95.579	64.700	71.300				dumps-part1	Stormwind
1287	Marda Weller			2	1	1	Stormwind	0	-8787.690	609.631	96.775	64.100	68.400				dumps-part1	Stormwind
1289	Gunther Weller			2	1	1	Stormwind	0	-8790.420	607.348	96.773	64.200	68.600				dumps-part1	Stormwind
1291	Carla Granger			2	1	1	Stormwind	0	-8781.100	645.286	97.224	62.000	67.800				dumps-part1	Stormwind
1292	Maris Granger			2	1	1	Stormwind	0	-8716.410	469.414	98.613	72.100	62.200				dumps-part1	Stormwind
1294	Aldric Moore			2	1	1	Stormwind	0	-8774.030	647.306	97.223	61.900	67.200				dumps-part1	Stormwind
1295	Lara Moore			2	1	1	Stormwind	0	-8777.410	646.162	97.224	62.000	67.500				dumps-part1	Stormwind
1297	Lina Stover			1	1	1	Stormwind	0	-8791.820	702.675	102.286	58.700	68.700				dumps-part1	Stormwind
1298	Frederick Stover			1	1	1	Stormwind	0	-8795.480	709.113	102.284	58.300	69.000				dumps-part1	Stormwind
1299	Lisbeth Schneider			1	1	1	Stormwind	0	-8773.680	709.888	99.535	58.300	67.200				dumps-part1	Stormwind
1301	Julia Gallina			1	1	1	Stormwind	0	-8895.820	681.648	100.080	59.900	77.700				dumps-part1	Stormwind
1302	Bernard Gump			2	1	1	Stormwind	0	-8828.049	519.926	98.700	69.200	71.800				dumps-part1	Stormwind
1303	Felicia Gump			2	1	1	Stormwind	0	-8822.070	518.022	98.683	69.300	71.300				dumps-part1	Stormwind
1319	Bryan Cross			2	1	1	Stormwind	0	-8663.520	520.820	101.284	69.200	57.600				dumps-part1	Stormwind
1320	Seoman Griffith			2	1	1	Stormwind	0	-8713.810	474.327	98.613	71.900	62.000				dumps-part1	Stormwind
1321	Alyssa Griffith			2	1	1	Stormwind	0	-8716.363	477.387	98.615	71.700	62.200				dumps-part1	Stormwind
1323	Osric Strang			2	1	1	Stormwind	0	-8702.280	382.052	103.726	77.200	61.000				dumps-part1	Stormwind
1324	Heinrich Stone			1	1	1	Stormwind	0	-8660.310	381.223	104.268	77.200	57.400				dumps-part1	Stormwind
1327	Reese Langston			1	1	1	Stormwind	0	-8606.280	384.286	102.921	77.000	52.700				dumps-part1	Stormwind
1328	Elly Langston			1	1	1	Stormwind	0	-8609.843	389.848	102.925	76.700	53.000				dumps-part1	Stormwind
1333	Gerik Koen			2	1	1	Stormwind	0	-8661.330	454.443	104.248	73.000	57.500				dumps-part1	Stormwind
1339	Mayda Thane			2	1	1	Stormwind	0	-8669.850	477.370	101.202	71.700	58.200				dumps-part1	Stormwind
1341	Wilhelm Strang			2	1	1	Stormwind	0	-8705.860	376.130	103.726	77.500	61.300				dumps-part1	Stormwind
1366	Adam			2	1	1	Stormwind	0	-8747.280	535.483	96.338	68.300	64.900				dumps-part1	Stormwind
1367	Billy			2	1	1	Stormwind	0	-8745.930	534.749	96.338	68.400	64.800				dumps-part1	Stormwind
1368	Justin			1	1	1	Stormwind	0	-8582.030	633.634	96.338	62.700	50.600				dumps-part1	Stormwind
1370	Brandon			1	1	1	Stormwind	0	-8580.508	635.108	96.338	62.600	50.500				dumps-part1	Stormwind
1371	Roman			1	1	1	Stormwind	0	-8583.880	633.127	96.338	62.700	50.800				dumps-part1	Stormwind
1395	Ol' Beasley			2	1	1	Stormwind	0	-8691.900	444.220	99.949	73.600	60.100				dumps-part1	Stormwind
1402	Topper McNabb			2	1	1	Stormwind	0	-8795.220	675.206	101.827	60.300	69.000				dumps-part1	Stormwind
1413	Janey Anship			1	1	1	Stormwind	0	-8845.367	653.774	96.975	61.500	73.300				dumps-part1	Stormwind
1414	Lisan Pierce			1	1	1	Stormwind	0	-8717.368	736.392	97.749	56.800	62.300				dumps-part1	Stormwind
1415	Suzanne			1	1	1	Stormwind	0	-8799.301	595.763	97.448	64.900	69.400				dumps-part1	Stormwind
1416	Grimand Elmore			1	1	1	Stormwind	0	-8386.740	685.212	95.274	59.700	33.700				dumps-part1	Stormwind
1427	Harlan Bagley			2	1	1	Stormwind	0	-8782.900	640.188	97.223	62.300	67.900				dumps-part1	Stormwind
1428	Rema Schneider			1	1	1	Stormwind	0	-8777.600	713.496	99.534	58.100	67.500				dumps-part1	Stormwind
1431	Suzetta Gallina			1	1	1	Stormwind	0	-8884.880	675.547	100.081	60.300	76.800				dumps-part1	Stormwind
1432	Renato Gallina			1	1	1	Stormwind	0	-8848.260	614.981	95.188	63.800	73.600				dumps-part1	Stormwind
1439	Lord Baurles K. Wishock			1	1	1	Stormwind	0	-8562.780	369.692	108.489	77.900	48.900				dumps-part1	Stormwind
1472	Morgg Stormshot			1	1	1	Stormwind	0	-8469.000	582.931	95.917	65.600	40.800				dumps-part1	Stormwind
1477	Christoph Faral			1	1	1	Stormwind	0	-8607.490	387.326	102.926	76.900	52.800				dumps-part1	Stormwind
1478	Aedis Brom			1	1	1	Stormwind	0	-8605.970	388.410	102.925	76.800	52.700				dumps-part1	Stormwind
1513	Mangy Duskbat			1	1	1	Barrens	1	-414.866	-2644.260	96.223	52.000	30.000				dumps-part1	Barrens
1646	Baros Alexston			1	1	1	Stormwind	0	-8550.240	719.661	101.736	57.700	47.900				dumps-part1	Stormwind
1650	Terry Palin			4	1	1	Alterac	0	-8299.680	1119.060	19.052	-12.000	525.000				dumps-part1	Alterac
1721	Nikova Raskol			2	1	1	Stormwind	0	-8670.372	494.801	99.607	70.700	58.200				dumps-part1	Stormwind
1752	Caledra Dawnbreeze			1	1	1	Stormwind	0	-8534.000	367.126	108.489	78.000	46.500				dumps-part1	Stormwind
1756	Stormwind Royal Guard			12	1	1	Stormwind	0	-8541.230	450.202	104.917	73.200	47.100				dumps-part1	Stormwind
1766	Fenrir			1	1	1	Barrens	1	-462.058	-2652.288	95.685	52.100	30.700				dumps-part1	Barrens
1976	Stormwind City Patroller			8	1	1	Stormwind	0	-8964.377	562.943	93.858	66.800	83.600				dumps-part1	Stormwind
2198	Crier Goodman			1	1	1	Stormwind	0	-8845.958	663.158	97.544	61.000	73.400				dumps-part1	Stormwind
2285	Count Remington Ridgewell			1	1	1	Stormwind	0	-8549.900	386.121	108.389	76.900	47.800				dumps-part1	Stormwind
2334				2	1	1	Stormwind	0	-8834.140	552.277	75.167	67.400	72.400				dumps-part1	Stormwind
2439	Major Samuelson			1	1	1	Stormwind	0	-8421.000	404.987	120.886	75.900	36.700				dumps-part1	Stormwind
2455	Olivia Burnside			1	1	1	Stormwind	0	-8931.230	605.801	99.523	64.300	80.800				dumps-part1	Stormwind
2456	Newton Burnside			1	1	1	Stormwind	0	-8935.270	613.135	99.523	63.900	81.100				dumps-part1	Stormwind
2457	John Burnside			1	1	1	Stormwind	0	-8939.280	620.538	99.523	63.400	81.400				dumps-part1	Stormwind
2532	Donna			1	1	1	Stormwind	0	-8824.662	675.414	97.991	60.300	71.600				dumps-part1	Stormwind
2533	William			1	1	1	Stormwind	0	-8842.778	665.175	97.757	60.900	73.100				dumps-part1	Stormwind
2620	Prairie Dog			2	1	1	Barrens	1	-751.846	-3306.606	92.756	58.500	35.000				dumps-part1	Barrens
2795	Lenny "Fingers" McCoy			2	1	1	Stormwind	0	-8678.190	458.158	99.671	72.800	58.900				dumps-part1	Stormwind
2850	tubrat			3	1	2	Alterac	0	-6549.145	-1166.016	309.538	69.600	431.200				dumps-part1	Alterac | SearingGorge
2879	Karrina Mekenda			1	1	1	Stormwind	0	-8422.000	553.205	95.452	67.300	36.800				dumps-part1	Stormwind
2941	Lanie Reed			4	1	2	Alterac	0	-6559.060	-1169.380	309.797	69.700	431.700				dumps-part1	Alterac | SearingGorge
3098	Mottled Boar			21	1	1	Durotar	1	-720.850	-4224.889	39.565	42.800	71.700				dumps-part1	Durotar
3099	Dire Mottled Boar			196	1	1	Durotar	1	-680.667	-4824.068	35.702	54.100	70.600				dumps-part1	Durotar
3100	Elder Mottled Boar			61	1	2	Barrens	1	-696.671	-3253.964	96.872	58.000	34.200				dumps-part1	Barrens | Durotar
3101	Vile Familiar			3	1	1	Durotar	1	-50.736	-4310.875	69.042	44.400	52.700				dumps-part1	Durotar
3102	Felstalker			4	1	1	Durotar	1	-52.791	-4333.159	68.252	44.800	52.800				dumps-part1	Durotar
3103	Makrura Clacker			4	1	1	Durotar	1	152.128	-5281.370	-9.593	62.800	47.000				dumps-part1	Durotar
3104	Makrura Shellhide			4	1	1	Durotar	1	-103.528	-5217.215	-0.102	61.600	54.200				dumps-part1	Durotar
3106	Pygmy Surf Crawler			13	1	1	Durotar	1	-76.196	-5226.186	-6.805	61.700	53.500				dumps-part1	Durotar
3107	Surf Crawler			3	1	1	Durotar	1	569.838	-4821.146	26.488	54.100	35.100				dumps-part1	Durotar
3110				1	1	1	Barrens	1	-1036.694	-3691.517	25.086	62.300	39.200				dumps-part1	Barrens
3111	Razormane Quilboar			22	1	1	Durotar	1	14.050	-4612.417	45.036	50.100	50.900				dumps-part1	Durotar
3112	Razormane Scout			25	1	1	Durotar	1	22.430	-4252.042	71.975	43.300	50.700				dumps-part1	Durotar
3113	Razormane Dustrunner			8	1	1	Durotar	1	380.865	-4283.474	25.983	43.900	40.500				dumps-part1	Durotar
3114	Razormane Battleguard			15	1	1	Durotar	1	346.856	-4282.774	23.565	43.900	41.500				dumps-part1	Durotar
3115	Dustwind Harpy			35	1	1	Durotar	1	576.843	-4434.039	22.585	46.700	34.900				dumps-part1	Durotar
3116	Dustwind Pillager			24	1	1	Durotar	1	692.841	-4518.255	25.866	48.300	31.600				dumps-part1	Durotar
3117	Dustwind Savage			16	1	1	Durotar	1	828.761	-4813.511	11.162	53.900	27.800				dumps-part1	Durotar
3118	Dustwind Storm Witch			20	1	1	Durotar	1	958.297	-4771.592	24.231	53.100	24.100				dumps-part1	Durotar
3121				1	1	1	Barrens	1	-408.914	-2650.573	96.223	52.000	29.900				dumps-part1	Barrens
3122	Bloodtalon Taillasher			23	1	1	Durotar	1	201.848	-4301.396	44.706	44.200	45.600				dumps-part1	Durotar
3123	Bloodtalon Scythemaw			1	1	1	Durotar	1	1054.307	-4191.547	20.541	42.200	21.400				dumps-part1	Durotar
3124	Scorpid Worker			5	1	2	Barrens	1	-410.235	-2606.989	95.738	51.600	29.900				dumps-part1	Barrens | Durotar
3125	Clattering Scorpid			163	1	1	Durotar	1	-674.470	-4664.889	37.386	51.100	70.400				dumps-part1	Durotar
3126	Armored Scorpid			38	1	1	Durotar	1	93.491	-4211.803	56.227	42.500	48.600				dumps-part1	Durotar
3127	Venomtail Scorpid			9	1	1	Durotar	1	1013.248	-4011.146	25.608	38.700	22.600				dumps-part1	Durotar
3128	Kul Tiras Sailor			61	1	1	Durotar	1	-313.884	-5066.733	21.633	58.700	60.200				dumps-part1	Durotar
3129	Kul Tiras Marine			43	1	1	Durotar	1	-311.885	-5145.687	21.436	60.200	60.100				dumps-part1	Durotar
3130	Thunder Lizard			11	1	1	Durotar	1	654.367	-4035.088	1.817	39.200	32.700				dumps-part1	Durotar
3131	Lightning Hide			11	1	1	Durotar	1	923.939	-4037.869	-13.363	39.300	25.100				dumps-part1	Durotar
3139	Gar'Thok			9	1	1	Durotar	1	275.380	-4713.180	17.489	52.000	43.500				dumps-part1	Durotar
3142	Orgnil Soulscar			8	1	1	Durotar	1	288.035	-4720.880	13.389	52.200	43.100				dumps-part1	Durotar
3143	Gornek			1	1	1	Durotar	1	-599.645	-4184.110	41.085	42.000	68.300				dumps-part1	Durotar
3145	Zureetha Fargaze			1	1	1	Durotar	1	-629.052	-4228.060	38.173	42.800	69.100				dumps-part1	Durotar
3153	Frang			1	1	1	Durotar	1	-641.182	-4229.090	38.134	42.900	69.500				dumps-part1	Durotar
3154	Jen'shan			1	1	1	Durotar	1	-635.462	-4227.520	38.311	42.800	69.300				dumps-part1	Durotar
3155	Rwag			1	1	1	Durotar	1	-588.703	-4144.940	41.027	41.300	68.000				dumps-part1	Durotar
3157	Shikrik			1	1	1	Durotar	1	-624.233	-4204.190	38.135	42.400	69.000				dumps-part1	Durotar
3158	Duokna			1	1	1	Durotar	1	-565.428	-4214.200	41.643	42.600	67.300				dumps-part1	Durotar
3159	Kzan Thornslash			1	1	1	Durotar	1	-606.949	-4187.240	41.092	42.100	68.500				dumps-part1	Durotar
3163	Uhgar			7	1	1	Durotar	1	382.093	-4709.950	13.670	52.000	40.500				dumps-part1	Durotar
3164	Jark			2	1	1	Durotar	1	321.548	-4838.400	10.524	54.400	42.200				dumps-part1	Durotar
3165	Ghrawt			6	1	1	Durotar	1	314.301	-4681.690	16.010	51.400	42.400				dumps-part1	Durotar
3166	Cutac			6	1	1	Durotar	1	387.984	-4758.340	12.245	52.900	40.300				dumps-part1	Durotar
3167	Wuark			7	1	1	Durotar	1	358.307	-4707.490	14.381	51.900	41.100				dumps-part1	Durotar
3168	Flakk			9	1	1	Durotar	1	282.712	-4764.430	11.904	53.000	43.300				dumps-part1	Durotar
3169	Tarshaw Jaggedscar			4	1	1	Durotar	1	311.352	-4827.790	9.580	54.200	42.500				dumps-part1	Durotar
3170	Kaplak			9	1	1	Durotar	1	264.190	-4716.810	17.489	52.100	43.800				dumps-part1	Durotar
3171	Thotar			9	1	1	Durotar	1	272.000	-4709.570	11.627	52.000	43.600				dumps-part1	Durotar
3172	Dhugru Gorelust			4	1	1	Durotar	1	343.748	-4615.350	18.351	50.200	41.500				dumps-part1	Durotar
3173	Swart			2	1	1	Durotar	1	307.114	-4839.910	10.524	54.400	42.600				dumps-part1	Durotar
3174	Dwukk			7	1	1	Durotar	1	363.686	-4703.790	15.489	51.800	41.000				dumps-part1	Durotar
3175	Krunn			7	1	1	Durotar	1	361.014	-4711.990	15.165	52.000	41.100				dumps-part1	Durotar
3191	Cook Torka			9	1	1	Durotar	1	268.983	-4694.890	14.057	51.700	43.700				dumps-part1	Durotar
3192	Lieutenant Benedict			2	1	1	Durotar	1	-247.456	-5121.320	42.641	59.700	58.300				dumps-part1	Durotar
3193	Misha Tor'kren			1	1	1	Durotar	1	738.388	-4241.470	18.672	43.100	30.400				dumps-part1	Durotar
3195	Burning Blade Thug			8	1	1	Durotar	1	772.944	-4734.799	38.354	52.400	29.400				dumps-part1	Durotar
3196	Burning Blade Neophyte			6	1	1	Durotar	1	800.343	-4752.529	36.680	52.800	28.600				dumps-part1	Durotar
3197	Burning Blade Fanatic			4	1	1	Durotar	1	846.242	-4200.174	-10.804	42.300	27.300				dumps-part1	Durotar
3198	Burning Blade Apprentice			2	1	1	Durotar	1	861.762	-4177.550	-14.085	41.900	26.900				dumps-part1	Durotar
3199	Burning Blade Cultist			7	1	1	Durotar	1	859.566	-4732.290	33.645	52.400	26.900				dumps-part1	Durotar
3203	Fizzle Darkstorm			1	1	1	Durotar	1	872.431	-4186.390	-13.953	42.100	26.600				dumps-part1	Durotar
3225				1	1	1	Barrens	1	-980.570	-3798.738	5.490	63.400	38.400				dumps-part1	Barrens
3227	Meow			13	1	5	Alterac	0	-8282.979	1064.712	57.262	-10.000	524.100			Corrupted Bloodtalon Scythemaw	dumps-part1	Alterac | Barrens | Durotar | SearingGorge | Stormwind
3242	Zhevra Runner			9	1	1	Barrens	1	-757.270	-3042.406	94.939	55.900	35.100				dumps-part1	Barrens
3243				1	1	1	Barrens	1	-924.274	-3730.561	9.501	62.700	37.500				dumps-part1	Barrens
3244	Greater Plainstrider			15	1	1	Barrens	1	-600.948	-2765.054	91.666	53.200	32.800				dumps-part1	Barrens
3246	Fleeting Plainstrider			3	1	1	Barrens	1	-713.935	-3123.038	94.679	56.700	34.400				dumps-part1	Barrens
3247				1	1	1	Barrens	1	-438.732	-2598.899	95.796	51.500	30.400				dumps-part1	Barrens
3248	Barrens Giraffe			4	1	1	Barrens	1	-866.692	-3423.323	95.209	59.700	36.700				dumps-part1	Barrens
3255	Sunscale Screecher			9	1	2	Barrens	1	-888.615	-3249.148	92.207	57.900	37.000				dumps-part1	Barrens | Durotar
3292	Brewmaster Drohn			1	1	1	Barrens	1	-981.240	-3686.490	9.422	62.300	38.400				dumps-part1	Barrens
3293	Rezlak			2	1	1	Durotar	1	999.767	-4415.140	14.319	46.400	22.900				dumps-part1	Durotar
3294	Ophek			2	1	1	Durotar	1	307.566	-4866.030	21.530	54.900	42.600				dumps-part1	Durotar
3296	Orgrimmar Grunt			1	1	1	Durotar	1	1332.760	-4633.400	24.053	50.500	13.500				dumps-part1	Durotar
3300	Adder			39	1	2	Barrens	1	-801.842	-3465.765	91.664	60.100	35.700				dumps-part1	Barrens | Durotar
3305	Grisha			2	1	2	Alterac	0	-6559.260	-1100.230	310.276	67.300	431.700				dumps-part1	Alterac | SearingGorge
3336	Takrin Pathseeker			9	1	1	Durotar	1	239.516	-4664.731	16.126	51.100	44.500				dumps-part1	Durotar
3338	Sergra Darkthorn			2	1	1	Barrens	1	-482.475	-2670.190	97.349	52.200	31.000				dumps-part1	Barrens
3339	Captain Thalo'thas Brightsun			1	1	1	Barrens	1	-1024.590	-3688.910	23.123	62.300	39.000				dumps-part1	Barrens
3390	Apothecary Helbrim			1	1	1	Barrens	1	-424.542	-2589.880	95.816	51.400	30.200				dumps-part1	Barrens
3391				1	1	1	Barrens	1	-835.563	-3728.660	26.363	62.700	36.200				dumps-part1	Barrens
3415	Savannah Huntress			1	1	1	Barrens	1	-486.092	-2836.970	92.477	53.900	31.100				dumps-part1	Barrens
3425	Savannah Prowler			6	1	1	Barrens	1	-895.105	-3329.469	91.748	58.700	37.100				dumps-part1	Barrens
3428	Korran			1	1	1	Barrens	1	-387.376	-2549.160	98.859	51.000	29.600				dumps-part1	Barrens
3429	Thork			1	1	1	Barrens	1	-473.202	-2595.700	103.723	51.500	30.900				dumps-part1	Barrens
3431	Grenthar			1	1	1	Barrens	1	-387.454	-2671.020	95.669	52.200	29.600				dumps-part1	Barrens
3432	Mankrik			2	1	1	Barrens	1	-520.983	-2641.410	95.788	52.000	31.600				dumps-part1	Barrens
3442	Sputtervalve			1	1	1	Barrens	1	-902.036	-3759.400	11.572	63.000	37.200				dumps-part1	Barrens
3443				1	1	1	Barrens	1	-534.982	-2982.220	93.009	55.300	31.800				dumps-part1	Barrens
3446	Mebok Mizzyrix			1	1	1	Barrens	1	-928.982	-3697.230	7.988	62.400	37.600				dumps-part1	Barrens
3448	Tonga Runetotem			2	1	1	Barrens	1	-544.992	-2672.770	95.788	52.300	31.900				dumps-part1	Barrens
3449	Darsok Swiftdagger			1	1	1	Barrens	1	-474.894	-2607.740	127.799	51.600	30.900				dumps-part1	Barrens
3453				1	1	1	Barrens	1	-985.599	-3796.710	5.185	63.400	38.500				dumps-part1	Barrens
3464	Gazrog			1	1	1	Barrens	1	-435.952	-2639.210	96.276	51.900	30.300				dumps-part1	Barrens
3475	Froggy			2	1	2	Barrens	1	-438.918	-2657.201	95.879	52.100	30.400				dumps-part1	Barrens | Durotar
3477				1	1	1	Barrens	1	-340.205	-2557.780	97.967	51.100	28.900				dumps-part1	Barrens
3478				1	1	1	Barrens	1	-340.734	-2574.610	97.648	51.300	28.900				dumps-part1	Barrens
3479				1	1	1	Barrens	1	-357.729	-2568.910	95.789	51.200	29.200				dumps-part1	Barrens
3480	Moorane Hearthgrain			2	1	1	Barrens	1	-451.216	-2684.121	95.623	52.400	30.500				dumps-part1	Barrens
3481	Barg			1	1	1	Barrens	1	-410.837	-2612.910	95.739	51.700	29.900				dumps-part1	Barrens
3482	Tari'qa			1	1	1	Barrens	1	-415.701	-2615.350	95.680	51.700	30.000				dumps-part1	Barrens
3483				1	1	1	Barrens	1	-346.607	-2566.418	97.429	51.200	29.000				dumps-part1	Barrens
3484	Kil'hala			2	1	1	Barrens	1	-529.430	-2667.070	95.788	52.200	31.700				dumps-part1	Barrens
3485	Wrahk			2	1	1	Barrens	1	-529.596	-2671.170	95.788	52.200	31.700				dumps-part1	Barrens
3486	Halija Whitestrider			2	1	1	Barrens	1	-539.841	-2672.230	95.788	52.300	31.900				dumps-part1	Barrens
3487	Kalyimah Stormcloud			2	1	1	Barrens	1	-551.200	-2673.340	95.788	52.300	32.000				dumps-part1	Barrens
3488				1	1	1	Barrens	1	-351.184	-2556.510	95.856	51.100	29.100				dumps-part1	Barrens
3489	Zargh			2	1	1	Barrens	1	-403.184	-2708.790	97.549	52.600	29.800				dumps-part1	Barrens
3490	Hula'mahi			1	1	1	Barrens	1	-429.180	-2589.740	95.803	51.400	30.200				dumps-part1	Barrens
3491	Ironzar			1	1	1	Barrens	1	-919.577	-3683.730	8.156	62.200	37.500				dumps-part1	Barrens
3492	Vexspindle			1	1	1	Barrens	1	-985.485	-3675.920	9.545	62.200	38.500				dumps-part1	Barrens
3493	Grazlix			1	1	1	Barrens	1	-982.713	-3680.530	9.555	62.200	38.400				dumps-part1	Barrens
3494	Tinkerwiz			1	1	1	Barrens	1	-841.783	-3726.100	19.887	62.700	36.300				dumps-part1	Barrens
3495				1	1	1	Barrens	1	-837.804	-3724.940	26.360	62.600	36.300				dumps-part1	Barrens
3496	Fuzruckle			1	1	1	Barrens	1	-915.813	-3724.490	9.641	62.600	37.400				dumps-part1	Barrens
3497	Kilxx			1	1	1	Barrens	1	-971.109	-3737.660	5.826	62.800	38.200				dumps-part1	Barrens
3498	Jazzik			1	1	1	Barrens	1	-1008.670	-3651.950	20.066	61.900	38.800				dumps-part1	Barrens
3499	Ranik			1	1	1	Barrens	1	-1002.080	-3652.370	20.035	61.900	38.700				dumps-part1	Barrens
3501	Horde Guard			23	1	1	Barrens	1	-640.971	-3167.222	92.541	57.100	33.400				dumps-part1	Barrens
3502	Ratchet Bruiser			22	1	1	Barrens	1	-1041.870	-3682.830	22.975	62.200	39.300				dumps-part1	Barrens
3518	Thomas Miller			2	1	1	Stormwind	0	-8829.962	619.724	93.975	63.500	72.000				dumps-part1	Stormwind
3520	Ol' Emma			2	1	1	Stormwind	0	-8733.015	692.782	98.761	59.300	63.600				dumps-part1	Stormwind
3572	Zizzek			1	1	1	Barrens	1	-1031.990	-3659.050	22.777	62.000	39.100				dumps-part1	Barrens
3615	Devrak			1	1	1	Barrens	1	-437.137	-2596.000	95.788	51.500	30.300				dumps-part1	Barrens
3619				1	1	1	Stormwind	0	-8929.535	609.835	99.523	64.100	80.600				dumps-part1	Stormwind
3620	Harruk			9	1	1	Durotar	1	276.997	-4716.890	11.626	52.100	43.400				dumps-part1	Durotar
3626	Jenn Langston			2	1	1	Stormwind	0	-8717.457	445.414	97.067	73.500	62.300				dumps-part1	Stormwind
3629	David Langston			1	1	1	Stormwind	0	-8610.780	380.140	102.995	77.300	53.100				dumps-part1	Stormwind
3658	Lizzarik			1	1	1	Barrens	1	-458.515	-2694.820	96.735	52.500	30.700				dumps-part1	Barrens
3659	Jorb			1	1	1	Barrens	1	-460.097	-2697.347	96.900	52.500	30.700				dumps-part1	Barrens
3665	Crane Operator Bigglefuzz			1	1	1	Barrens	1	-928.958	-3767.750	6.452	63.100	37.600				dumps-part1	Barrens
3706	Tai'jin			5	1	1	Durotar	1	294.884	-4831.490	10.524	54.300	42.900				dumps-part1	Durotar
3707	Ken'jai			1	1	1	Durotar	1	-617.395	-4202.400	38.245	42.400	68.800				dumps-part1	Durotar
3810	EvilGRR			1	1	1	Barrens	1	-438.099	-2597.371	95.787	51.500	30.400				dumps-part1	Barrens
3819	Wildthorn Stalker			1	1	1	Barrens	1	-409.535	-2650.889	96.223	52.000	29.900				dumps-part1	Barrens
3823	Ghostpaw Runner			3	1	1	Barrens	1	-494.924	-2671.717	97.337	52.200	31.200				dumps-part1	Barrens
3861	Bleak Worg			3	1	2	Barrens	1	-442.703	-2594.415	96.050	51.500	30.400				dumps-part1	Barrens | Stormwind
3881	Grimtak			8	1	1	Durotar	1	281.467	-4694.720	12.966	51.700	43.300				dumps-part1	Durotar
3882	Zlagk			1	1	1	Durotar	1	-560.125	-4217.200	41.674	42.600	67.200				dumps-part1	Durotar
3934	Innkeeper Boorand Plainswind			1	1	1	Barrens	1	-407.123	-2645.220	96.223	52.000	29.900				dumps-part1	Barrens
4075	Rat			29	1	2	Alterac	0	-8378.514	1104.663	18.906	-11.500	529.200				dumps-part1	Alterac | Stormwind
4127	Hecklefang Hyena			2	1	1	Barrens	1	-944.197	-3381.742	92.988	59.300	37.800				dumps-part1	Barrens
4139				1	1	1	Stormwind	0	-8805.601	644.533	95.191	62.100	69.900				dumps-part1	Stormwind
4143				1	1	1	Barrens	1	-427.725	-2646.817	96.445	52.000	30.200				dumps-part1	Barrens
4271	Dire Wolf			1	1	1	Barrens	1	-957.815	-3634.040	16.914	61.700	38.000				dumps-part1	Barrens
4512	Rotting Agam'ar			2	1	2	Barrens	1	-406.969	-2648.089	96.223	52.000	29.900				dumps-part1	Barrens | Stormwind
4732	Randal Hunter			2	1	1	Stormwind	0	-8740.780	384.422	101.057	77.000	64.300				dumps-part1	Stormwind
4769	Hufftalon			1	1	1	Barrens	1	-459.943	-2653.218	95.692	52.100	30.700				dumps-part1	Barrens
4961	Dashel Stonefist			2	1	1	Stormwind	0	-8681.140	432.794	99.209	74.300	59.200				dumps-part1	Stormwind
4974	Aldwin Laughlin			1	1	1	Stormwind	0	-8885.250	614.395	95.258	63.800	76.800				dumps-part1	Stormwind
4981	Ben Trias			2	1	1	Stormwind	0	-8847.280	569.955	94.688	66.400	73.500				dumps-part1	Stormwind
5066				15	1	2	Barrens	1	-346.261	-2692.420	96.793	52.500	29.000				dumps-part1	Barrens | Durotar
5193	Rebecca Laughlin			1	1	1	Stormwind	0	-8893.570	611.211	95.258	64.000	77.500				dumps-part1	Stormwind
5195	Brown Riding Wolf			2	1	1	Barrens	1	-502.759	-2670.360	96.942	52.200	31.300				dumps-part1	Barrens
5287				1	1	1	Stormwind	0	-8722.979	473.049	98.613	71.900	62.800				dumps-part1	Stormwind
5322	Elusive Slumbertooth			1	1	1	Stormwind	0	-8808.619	627.897	94.229	63.000	70.200				dumps-part1	Stormwind
5384	Brohann Caskbelly			1	1	1	Stormwind	0	-8464.000	516.193	100.559	69.500	40.400				dumps-part1	Stormwind
5405	Pinto			2	1	1	Stormwind	0	-8739.680	382.480	101.056	77.100	64.200				dumps-part1	Stormwind
5413	Furen Longbeard			1	1	1	Stormwind	0	-8427.000	600.092	94.706	64.600	37.200				dumps-part1	Stormwind
5482	Stephen Ryback			1	1	1	Stormwind	0	-8610.900	364.640	99.626	78.200	53.100				dumps-part1	Stormwind
5483	Erika Tate			1	1	1	Stormwind	0	-8608.360	358.496	99.627	78.500	52.900				dumps-part1	Stormwind
5493	Arnold Leland			1	1	1	Stormwind	0	-8802.570	767.463	96.339	55.000	69.600				dumps-part1	Stormwind
5494	Catherine Leland			1	1	1	Stormwind	0	-8803.940	765.689	96.338	55.100	69.800				dumps-part1	Stormwind
5509	Kathrum Axehand			1	1	1	Stormwind	0	-8388.000	692.506	95.291	59.300	33.900				dumps-part1	Stormwind
5510	Thulman Flintcrag			1	1	1	Stormwind	0	-8418.000	646.006	97.449	62.000	36.400				dumps-part1	Stormwind
5511	Therum Deepforge			1	1	1	Stormwind	0	-8424.000	616.944	95.463	63.700	37.000				dumps-part1	Stormwind
5512	Kaita Deepforge			1	1	1	Stormwind	0	-8431.000	624.030	95.461	63.200	37.600				dumps-part1	Stormwind
5513	Gelman Stonehand			1	1	1	Stormwind	0	-8434.000	692.809	103.364	59.300	37.800				dumps-part1	Stormwind
5514	Brooke Stonebraid			1	1	1	Stormwind	0	-8430.000	695.138	96.335	59.200	37.500				dumps-part1	Stormwind
5515	Einris Brightspear			1	1	1	Stormwind	0	-8415.000	553.182	95.629	67.300	36.200				dumps-part1	Stormwind
5516	Ulfir Ironbeard			1	1	1	Stormwind	0	-8410.000	548.566	95.452	67.600	35.800				dumps-part1	Stormwind
5517	Thorfin Stoneshield			1	1	1	Stormwind	0	-8413.000	541.475	102.494	68.000	36.000				dumps-part1	Stormwind
5518	Lilliam Sparkspindle			1	1	1	Stormwind	0	-8347.000	644.134	95.689	62.100	30.300				dumps-part1	Stormwind
5519	Billibub Cogspinner			1	1	1	Stormwind	0	-8342.000	638.829	95.339	62.400	29.900				dumps-part1	Stormwind
5564	Simon Tanner			2	1	1	Stormwind	0	-8725.550	477.415	98.613	71.700	63.000				dumps-part1	Stormwind
5565	Jillian Tanner			2	1	1	Stormwind	0	-8722.870	479.322	98.613	71.600	62.800				dumps-part1	Stormwind
5765	Ruzan			1	1	1	Durotar	1	-624.024	-4214.410	38.157	42.600	69.000				dumps-part1	Durotar
5774	Riding Wolf			2	1	1	Barrens	1	-386.021	-2621.250	95.661	51.800	29.600				dumps-part1	Barrens
5843	Slave Worker			64	1	2	Alterac	0	-6590.390	-1145.790	185.572	68.900	433.400				dumps-part1	Alterac | SearingGorge
5844	Dark Iron Slaver			13	1	2	Alterac	0	-6594.190	-1210.109	186.272	71.200	433.600				dumps-part1	Alterac | SearingGorge
5846	Dark Iron Taskmaster			16	1	2	Alterac	0	-6575.605	-1169.148	185.587	69.700	432.600				dumps-part1	Alterac | SearingGorge
5858	Greater Lava Spider			4	1	2	Alterac	0	-6594.772	-1170.164	273.594	69.800	433.600				dumps-part1	Alterac | SearingGorge
5861	Twilight Fire Guard			3	1	1	Alterac	0	-6496.768	-980.234	335.171	63.000	428.400				dumps-part1	Alterac
5862				1	1	1	Alterac	0	-6482.170	-985.253	335.289	63.200	427.600				dumps-part1	Alterac
5871	Larhka			1	1	1	Barrens	1	-397.735	-2654.270	96.223	52.100	29.800				dumps-part1	Barrens
5884	Mai'ah			1	1	1	Durotar	1	-625.296	-4210.170	38.245	42.500	69.000				dumps-part1	Durotar
5887	Canaga Earthcaller			1	1	1	Durotar	1	-630.020	-4204.550	38.166	42.400	69.200				dumps-part1	Durotar
5943	Rawrk			2	1	1	Durotar	1	330.355	-4826.930	10.524	54.200	41.900				dumps-part1	Durotar
5951	Hare			32	1	1	Durotar	1	-647.653	-4767.219	28.291	53.000	69.700				dumps-part1	Durotar
5952	Den Grunt			33	1	1	Durotar	1	-657.769	-4265.580	37.432	43.600	70.000				dumps-part1	Durotar
5953	Razor Hill Grunt			169	1	1	Durotar	1	174.726	-4675.371	20.619	51.300	46.300				dumps-part1	Durotar
6027	Kitha			2	1	1	Durotar	1	300.469	-4857.390	21.179	54.700	42.800				dumps-part1	Durotar
6089	Harry Burlguard			1	1	1	Stormwind	0	-8612.750	382.771	102.993	77.100	53.300				dumps-part1	Stormwind
6090	Bartleby			1	1	1	Stormwind	0	-8604.391	389.730	102.925	76.700	52.500				dumps-part1	Stormwind
6145	School of Fish			4	1	1	Durotar	1	115.505	-5195.378	-13.642	61.100	48.000				dumps-part1	Durotar
6174	Stephanie Turner			2	1	1	Stormwind	0	-8832.270	613.706	94.201	63.800	72.200				dumps-part1	Stormwind
6499				1	1	1	SearingGorge	0	-6602.303	-1209.176	272.001	39.700	33.800				dumps-part1	SearingGorge
6500				1	1	1	Stormwind	0	-8821.369	661.987	95.425	61.100	71.300				dumps-part1	Stormwind
6505	Ravasaur			1	1	1	Barrens	1	-409.025	-2647.502	96.223	52.000	29.900				dumps-part1	Barrens
6514				2	1	2	Durotar	1	-666.948	-4869.807	39.475	55.000	70.200				dumps-part1	Durotar | Stormwind
6579	Shoni the Shilent			1	1	1	Stormwind	0	-8391.000	634.764	94.824	62.600	34.100				dumps-part1	Stormwind
6740	Innkeeper Allison			1	1	1	Stormwind	0	-8867.790	673.673	97.903	60.400	75.300				dumps-part1	Stormwind
6786	Ukor			2	1	1	Durotar	1	-594.342	-4573.880	41.064	49.400	68.200				dumps-part1	Durotar
6787	Yelnagi Blackarm			5	1	1	Durotar	1	344.605	-4675.810	16.458	51.300	41.500				dumps-part1	Durotar
6928	Innkeeper Grosk			5	1	1	Durotar	1	340.149	-4686.270	16.458	51.500	41.700				dumps-part1	Durotar
7161	Wrenix the Wretched			1	1	1	Barrens	1	-841.132	-3767.780	17.887	63.100	36.300				dumps-part1	Barrens
7166				1	1	1	Barrens	1	-841.221	-3772.920	17.529	63.100	36.300				dumps-part1	Barrens
7232	Borgus Steelhand			1	1	1	Stormwind	0	-8395.000	688.843	95.273	59.500	34.500				dumps-part1	Stormwind
7383	Black Tabby Cat			1	1	1	Durotar	1	308.872	-4688.578	15.476	51.600	42.500				dumps-part1	Durotar
7766	Tyrion			1	1	1	Stormwind	0	-8409.000	450.793	123.760	73.200	35.700				dumps-part1	Stormwind
7798	Hank the Hammer			1	1	1	Stormwind	0	-8417.000	628.160	95.711	63.000	36.400				dumps-part1	Stormwind
8119	Zikkel			1	1	1	Barrens	1	-914.106	-3728.580	9.678	62.700	37.400				dumps-part1	Barrens
8306				1	1	1	Barrens	1	-534.552	-2979.560	93.079	55.300	31.800				dumps-part1	Barrens
8307				1	1	1	Barrens	1	-555.578	-2965.650	91.768	55.200	32.100				dumps-part1	Barrens
8391	Lathoric the Black			1	1	1	SearingGorge	0	-6472.770	-1259.820	180.470	42.000	25.100				dumps-part1	SearingGorge
8400	Obsidion			5	1	2	Alterac	0	-6462.830	-1256.180	180.510	72.800	426.600				dumps-part1	Alterac | SearingGorge
8402	Enslaved Archaeologist			36	1	2	Alterac	0	-6499.060	-1212.110	180.352	71.300	428.500				dumps-part1	Alterac | SearingGorge
8417	Dying Archaeologist			4	1	2	Alterac	0	-6480.210	-1240.930	180.128	72.300	427.500				dumps-part1	Alterac | SearingGorge
8419				3	1	1	Alterac	0	-6485.550	-984.542	335.416	63.100	427.800				dumps-part1	Alterac
8436				1	1	1	Alterac	0	-6491.070	-982.717	335.536	63.100	428.100				dumps-part1	Alterac
8496	Liv Rizzlefix			1	1	1	Barrens	1	-1004.470	-3705.170	4.569	62.400	38.700				dumps-part1	Barrens
8670	Auctioneer Chilton			1	1	1	Stormwind	0	-8824.280	665.711	97.384	60.800	71.500				dumps-part1	Stormwind
8719	Auctioneer Fitch			1	1	1	Stormwind	0	-8821.530	659.886	97.382	61.200	71.300				dumps-part1	Stormwind
8738				1	1	1	Barrens	1	-836.957	-3729.880	19.959	62.700	36.300				dumps-part1	Barrens
8856	Tyrion's Spybot			1	1	1	Stormwind	0	-8408.000	450.740	123.760	73.200	35.600				dumps-part1	Stormwind
9318	Incendosaur			6	1	2	Alterac	0	-6518.380	-1291.910	136.961	74.100	429.600				dumps-part1	Alterac | SearingGorge
9699	Fire Beetle			4	1	2	Alterac	0	-6490.577	-1112.278	304.188	67.700	428.100				dumps-part1	Alterac | SearingGorge
9700				1	1	1	Alterac	0	-6500.578	-968.386	336.969	62.600	428.600				dumps-part1	Alterac
9796	Galgar			1	1	1	Durotar	1	-561.628	-4221.800	41.646	42.700	67.200				dumps-part1	Durotar
9981	Sikwa			1	1	1	Barrens	1	-388.247	-2621.140	95.660	51.800	29.600				dumps-part1	Barrens
9987	Shoja'my			5	1	1	Durotar	1	333.313	-4711.640	14.531	52.000	41.800				dumps-part1	Durotar
9994	Betonk Sharpsteam			1	1	1	Barrens	1	-1010.260	-3654.230	24.960	61.900	38.800				dumps-part1	Barrens
10063	Reggifuz			1	1	1	Barrens	1	-1036.320	-3678.480	23.039	62.200	39.200				dumps-part1	Barrens
10176	Kaltunk			1	1	1	Durotar	1	-610.073	-4253.520	38.992	43.300	68.600				dumps-part1	Durotar
10556	Lazy Peon			4	1	1	Durotar	1	-635.911	-4477.311	46.422	47.600	69.300				dumps-part1	Durotar
10685	Swine			14	1	1	Durotar	1	740.743	-4268.375	17.595	43.600	30.300				dumps-part1	Durotar
10782	Royal Factor Bathrilor			1	1	1	Stormwind	0	-8552.630	729.489	108.782	57.200	48.100				dumps-part1	Stormwind
11025	Mukdrak			7	1	1	Durotar	1	368.322	-4722.720	13.135	52.200	40.900				dumps-part1	Durotar
11026	Sprite Jumpsprocket			1	1	1	Stormwind	0	-8350.000	647.613	95.808	61.900	30.600				dumps-part1	Stormwind
11069	Jenova Stoneshield			1	1	1	Stormwind	0	-8433.000	554.681	95.296	67.200	37.700				dumps-part1	Stormwind
11096	Randal Worth			2	1	1	Stormwind	0	-8723.900	469.426	98.614	72.100	62.900				dumps-part1	Stormwind
11378	Foreman Thazz'ril			1	1	1	Durotar	1	-611.587	-4322.080	40.010	44.600	68.700				dumps-part1	Durotar
11867	Woo Ping			2	1	1	Stormwind	0	-8796.120	613.003	96.774	63.900	69.100				dumps-part1	Stormwind
11943	Magga			6	1	1	Durotar	1	327.369	-4683.029	16.458	51.500	42.000				dumps-part1	Durotar
12296	Sickly Gazelle			4	1	1	Barrens	1	-886.975	-3256.832	93.113	58.000	37.000				dumps-part1	Barrens
12350	Violet Riding Raptor			10	1	2	Barrens	1	-493.401	-2673.930	97.411	52.300	31.200				dumps-part1	Barrens | Durotar
12351	Dire Riding Wolf			8	1	1	Durotar	1	163.438	-4776.340	11.828	53.200	46.700				dumps-part1	Durotar
12430	Grunt Kor'ja			8	1	1	Durotar	1	171.982	-4767.340	14.264	53.000	46.400				dumps-part1	Durotar
12480	Melris Malagan			2	1	1	Stormwind	0	-8825.610	628.012	93.955	63.000	71.600				dumps-part1	Stormwind
12481	Justine Demalier			2	1	1	Stormwind	0	-8827.570	630.330	94.152	62.900	71.800				dumps-part1	Stormwind
12779	Archmage Gaiman			2	1	1	Stormwind	0	-8762.840	408.381	109.707	75.700	66.200				dumps-part1	Stormwind
12780	Sergeant Major Skyshadow			2	1	1	Stormwind	0	-8767.870	404.314	109.708	75.900	66.700				dumps-part1	Stormwind
12783	Lieutenant Karter			2	1	1	Stormwind	0	-8753.580	400.979	101.056	76.100	65.400				dumps-part1	Stormwind
12786	Guard Quine			2	1	1	Stormwind	0	-8769.910	407.449	103.921	75.700	66.800				dumps-part1	Stormwind
12787	Guard Hammon			2	1	1	Stormwind	0	-8765.910	410.729	103.921	75.500	66.500				dumps-part1	Stormwind
12922	Imp Minion			8	1	1	Durotar	1	858.598	-4733.502	33.751	52.400	26.900				dumps-part1	Durotar
12999				152	1	3	Barrens	1	-420.883	-2689.193	96.329	52.400	30.100				dumps-part1	Barrens | Durotar | Stormwind
14423	Officer Jaxon			1	1	1	Stormwind	0	-8834.203	673.423	98.318	60.400	72.400				dumps-part1	Stormwind
14495				4	1	2	Alterac	0	-6485.770	-1220.520	179.789	71.600	427.800				dumps-part1	Alterac | SearingGorge
14496	Stormwind Orphan			1	1	1	Stormwind	0	-8602.479	731.171	101.904	57.100	52.400				dumps-part1	Stormwind
14497	Shellene			1	1	1	Stormwind	0	-8603.789	732.206	101.921	57.000	52.500				dumps-part1	Stormwind
14539	Swift Timber Wolf			8	1	1	Durotar	1	155.067	-4793.240	11.993	53.500	46.900				dumps-part1	Durotar
14540	Swift Brown Wolf			8	1	1	Durotar	1	167.963	-4787.280	12.198	53.400	46.500				dumps-part1	Durotar
14559	Swift Palomino			2	1	1	Stormwind	0	-8741.640	388.736	101.056	76.800	64.400				dumps-part1	Stormwind
14622	Thorium Brotherhood Lookout			24	1	2	Alterac	0	-6517.150	-1182.520	309.261	70.200	429.500				dumps-part1	Alterac | SearingGorge
14624	Master Smith Burninate			4	1	2	Alterac	0	-6524.101	-1187.230	309.256	70.400	429.900				dumps-part1	Alterac | SearingGorge
14625	Overseer Oilfist			4	1	2	Alterac	0	-6501.130	-1173.360	325.864	69.900	428.600				dumps-part1	Alterac | SearingGorge
14626	Taskmaster Scrange			4	1	2	Alterac	0	-6509.120	-1192.540	309.255	70.600	429.100				dumps-part1	Alterac | SearingGorge
14627	Hansel Heavyhands			4	1	2	Alterac	0	-6513.620	-1183.780	309.256	70.300	429.300				dumps-part1	Alterac | SearingGorge
14628	Evonice Sootsmoker			4	1	2	Alterac	0	-6512.700	-1178.620	309.253	70.100	429.300				dumps-part1	Alterac | SearingGorge
14634	Lookout Captain Lolo Longstriker			4	1	2	Alterac	0	-6495.110	-1164.920	309.193	69.600	428.300				dumps-part1	Alterac | SearingGorge
14635	Sleepy Dark Iron Worker			4	1	1	SearingGorge	0	-6554.111	-1274.495	208.406	42.600	30.500				dumps-part1	SearingGorge
14721	Field Marshal Afrasiabi			1	1	1	Stormwind	0	-8927.760	481.330	93.860	71.500	80.500				dumps-part1	Stormwind
14753	Illiyana Moonblaze			2	1	1	Stormwind	0	-8783.140	427.433	105.264	74.600	68.000				dumps-part1	Stormwind
14850				1	1	1	Barrens	1	-537.077	-2984.781	92.955	55.300	31.800				dumps-part1	Barrens
14859				1	1	1	Barrens	1	-532.145	-2988.940	93.460	55.400	31.700				dumps-part1	Barrens
14901	Peon			1	1	1	Barrens	1	-637.671	-3183.440	91.707	57.300	33.300				dumps-part1	Barrens
14991	League of Arathor Emissary			10	1	1	Stormwind	0	-8876.830	542.382	106.283	67.900	76.100				dumps-part1	Stormwind
15127	Samuel Hawke			2	1	1	Stormwind	0	-8783.950	423.501	105.276	74.800	68.000				dumps-part1	Stormwind
15214				24	1	1	Alterac	0	-8449.770	1056.670	19.561	-9.800	533.000				dumps-part1	Alterac
15310	Jesper			1	1	1	Stormwind	0	-8596.000	739.708	101.904	56.600	51.800				dumps-part1	Stormwind
15659	Auctioneer Jaxon			1	1	1	Stormwind	0	-8814.550	660.315	96.599	61.200	70.700				dumps-part1	Stormwind
15708	Master Sergeant Maclure			2	1	1	Stormwind	0	-8813.400	654.195	96.078	61.500	70.600				dumps-part1	Stormwind
16227	Bragok			1	1	1	Barrens	1	-898.246	-3769.650	11.751	63.100	37.200				dumps-part1	Barrens
16418	Mupsi Shacklefridd			1	1	1	Barrens	1	-944.930	-3580.120	27.500	61.200	37.900				dumps-part1	Barrens
16679	Osselan			1	1	1	Durotar	1	-638.786	-4228.160	38.134	42.800	69.400				dumps-part1	Durotar
16680	Ithelis			6	1	1	Durotar	1	321.195	-4768.040	11.643	53.100	42.200				dumps-part1	Durotar
16980				1	1	1	Stormwind	0	-8614.770	390.726	103.958	76.700	53.400				dumps-part1	Stormwind
17280				2	1	2	SearingGorge	0	-6587.394	-1212.286	186.705	39.900	32.800				dumps-part1	SearingGorge | Stormwind
18927	Human Commoner			8	1	1	Stormwind	0	-8855.720	651.851	96.620	61.600	74.200				dumps-part1	Stormwind
19858	"Lefty" Puddemup			2	1	1	Stormwind	0	-8773.760	427.830	105.232	74.500	67.200				dumps-part1	Stormwind
19861	Bip Nigstrom			1	1	1	Stormwind	0	-8924.010	487.698	93.855	71.100	80.100				dumps-part1	Stormwind
20102	Goblin Commoner			6	1	1	Barrens	1	-1031.030	-3676.200	23.112	62.200	39.100				dumps-part1	Barrens
22013	Eye of the Storm Emissary			13	1	1	Stormwind	0	-8876.830	542.382	106.283	67.900	76.100				dumps-part1	Stormwind
23050	Little Noah			2	1	1	Stormwind	0	-8721.150	471.026	98.613	72.100	62.600				dumps-part1	Stormwind
23537				12	1	1	Durotar	1	284.370	-4571.270	35.806	49.300	43.200				dumps-part1	Durotar
23543				3	1	1	Durotar	1	317.366	-4713.726	25.878	52.000	42.300				dumps-part1	Durotar
23686				169	1	1	Durotar	1	291.783	-4773.080	11.730	53.200	43.000				dumps-part1	Durotar
23971	Traveling Orphan			28	1	1	Durotar	1	355.094	-4740.150	9.833	52.500	41.200				dumps-part1	Durotar
23973	Masked Orphan Matron			7	1	1	Durotar	1	356.121	-4742.240	9.745	52.600	41.200				dumps-part1	Durotar
24729	Alicia			1	1	1	Stormwind	0	-8405.739	491.908	123.742	70.800	35.400				dumps-part1	Stormwind
25058	Fuzz			1	1	1	Stormwind	0	-8864.590	670.196	106.021	60.600	75.000				dumps-part1	Stormwind
25706	Scorchling			1	1	1	Alterac	0	-6479.681	-959.567	335.129	62.200	427.500				dumps-part1	Alterac
28347	Miles Sidney			2	1	1	Stormwind	0	-8672.780	430.892	100.909	74.400	58.400				dumps-part1	Stormwind
28355	Wright Williams			2	1	1	Stormwind	0	-8670.600	427.464	100.909	74.600	58.300				dumps-part1	Stormwind
29016	Steam Tank Engineer			12	1	2	Alterac	0	-8453.390	1114.720	19.051	-11.800	533.200				dumps-part1	Alterac | Stormwind
29019	Dockhand			3	1	2	Alterac	0	-8338.509	1224.314	5.230	-15.700	527.100				dumps-part1	Alterac | Stormwind
29088	Stormwind Cannoneer			8	1	1	Alterac	0	-8314.440	1099.110	57.262	-11.300	525.800				dumps-part1	Alterac
29142	Jelinek Sharpshear			2	1	1	Stormwind	0	-8744.620	657.759	105.093	61.300	64.600				dumps-part1	Stormwind
29144	Refurbished Steam Tank			1	1	1	Alterac	0	-8439.420	1137.485	18.851	-12.600	532.500				dumps-part1	Alterac
29712	Stormwind Harbor Guard			42	1	1	Alterac	0	-8437.310	1009.110	79.169	-8.100	532.400				dumps-part1	Alterac
29725	Benik Boltshear			1	1	1	Stormwind	0	-8425.190	627.540	95.780	63.000	37.100				dumps-part1	Stormwind
29888				158	1	3	Alterac	0	-6481.608	-1326.594	133.577	75.400	427.600				dumps-part1	Alterac | Durotar | SearingGorge
35477	Little Adeline			2	1	1	Stormwind	0	-8827.980	515.408	98.683	69.500	71.800				dumps-part1	Stormwind
43349	Targorr the Dread			1	1	1	Stormwind	0	-8828.460	677.940	97.884	60.100	71.900				dumps-part1	Stormwind
43463	Razorfen Spearhide			1	1	1	Durotar	1	294.861	-4741.466	9.332	52.600	42.900				dumps-part1	Durotar
43588	Mordresh Fire Eye			1	1	1	Stormwind	0	-8821.770	664.351	95.425	60.900	71.300				dumps-part1	Stormwind
43882	The Ongar			1	1	1	Stormwind	0	-8820.153	660.042	95.423	61.200	71.200				dumps-part1	Stormwind
44022	Lootbot 3000			54	1	5	Alterac	0	-6514.791	-1289.268	199.584	74.000	429.400				dumps-part1	Alterac | Barrens | Durotar | SearingGorge | Stormwind
44284				1	1	1	Durotar	1	-26.467	-5042.624	10.885	58.300	52.100				dumps-part1	Durotar
48050	Lieutenant Biggins			2	1	1	Stormwind	0	-8774.820	423.653	105.233	74.800	67.300				dumps-part1	Stormwind
50470	Caravan Cart			19	1	2	Barrens	1	-877.058	-2540.077	93.218	51.000	36.800				dumps-part1	Barrens | Durotar
54906	Baixue			1	1	1	Stormwind	0	-8812.168	642.981	94.229	62.200	70.500				dumps-part1	Stormwind
57500	Book of Artisans			23	1	3	Barrens	1	-948.116	-3752.139	5.968	62.900	37.900				dumps-part1	Barrens | Durotar | Stormwind
57524	Beginner's Book of Artisans			10	1	2	Barrens	1	-887.072	-3778.650	11.735	63.200	37.000				dumps-part1	Barrens | Durotar
69420	Kerg Pebblecutter			1	1	1	Stormwind	0	-8809.920	673.475	95.424	60.400	70.300				dumps-part1	Stormwind
75110	Theresa			1	1	1	Barrens	1	-965.997	-3726.520	6.107	62.700	38.200				dumps-part1	Barrens
75115	Book of Ascension			14	1	5	Alterac	0	-6597.008	-1215.024	186.191	71.400	433.800				dumps-part1	Alterac | Barrens | Durotar | SearingGorge | Stormwind
75118	Beginner's Book of Ascension			12	1	2	Barrens	1	-889.749	-3782.390	11.884	63.200	37.000				dumps-part1	Barrens | Durotar
75122				1	1	1	Barrens	1	-996.148	-3637.920	19.491	61.800	38.600				dumps-part1	Barrens
75132	John Stallion			1	1	1	Barrens	1	-960.069	-3636.720	16.903	61.800	38.100				dumps-part1	Barrens
75133	Gorn Axefist			1	1	1	Barrens	1	-955.512	-3635.210	16.079	61.800	38.000				dumps-part1	Barrens
75134	Hailey Wardson			1	1	1	Barrens	1	-969.881	-3725.480	6.406	62.600	38.200				dumps-part1	Barrens
79025	Wondrous Wisdomball			3	1	2	Barrens	1	-485.347	-2730.245	92.866	52.800	31.100				dumps-part1	Barrens | Stormwind
79055	Lil' Chromaggus			1	1	1	Durotar	1	-243.995	-5005.893	21.325	57.600	58.200				dumps-part1	Durotar
80061	Ameer Greatluck			2	1	1	Stormwind	0	-8801.350	664.191	96.200	60.900	69.500				dumps-part1	Stormwind
80190				1	1	1	Barrens	1	-442.542	-2581.540	95.789	51.400	30.400				dumps-part1	Barrens
80423				2	1	1	Stormwind	0	-8805.610	666.428	102.410	60.800	69.900				dumps-part1	Stormwind
80541	Goldilocks			1	1	1	Stormwind	0	-8799.343	616.818	103.153	63.700	69.400				dumps-part1	Stormwind
80890	Challenger's Book of Ascension			1	1	1	Barrens	1	-450.290	-2632.627	95.634	51.900	30.500				dumps-part1	Barrens
80894				31	1	5	Alterac	0	-6564.340	-1104.300	310.983	67.400	432.000				dumps-part1	Alterac | Barrens | Durotar | SearingGorge | Stormwind
80897				1	1	1	Durotar	1	1321.390	-4648.580	54.259	50.800	13.800				dumps-part1	Durotar
80918	Celestial Treasure Keeper			1	1	1	Stormwind	0	-8819.893	665.084	95.425	60.900	71.100				dumps-part1	Stormwind
97922	Durn Lootbagger			10	1	2	Barrens	1	-498.982	-2671.270	97.133	52.200	31.300				dumps-part1	Barrens | Durotar
97923	Fingril Finesteed			10	1	2	Barrens	1	-496.978	-2672.220	97.274	52.300	31.200				dumps-part1	Barrens | Durotar
98495				1	1	1	Durotar	1	-496.707	-4856.070	37.064	54.700	65.400				dumps-part1	Durotar
98501	Necrotic Book of Ascension			2	1	1	Durotar	1	313.526	-4718.085	11.399	52.100	42.400				dumps-part1	Durotar
99102	Wounded Horde Guard			1	1	1	Barrens	1	-393.500	-2654.940	97.295	52.100	29.700				dumps-part1	Barrens
100030	Blood Keeper Rozok			2	1	1	Barrens	1	-888.520	-3773.650	11.933	63.100	37.000				dumps-part1	Barrens
100031	Battlemaster Tressa			3	1	2	Barrens	1	-896.524	-3780.100	11.957	63.200	37.100				dumps-part1	Barrens | Stormwind
108312	Destined Book of Ascension			10	1	4	Barrens	1	-412.874	-2647.123	96.223	52.000	30.000				dumps-part1	Barrens | Durotar | SearingGorge | Stormwind
108586	Warcraft Reborn Book of Ascension			17	1	3	Durotar	1	-660.188	-4784.159	35.706	53.400	70.000				dumps-part1	Durotar | SearingGorge | Stormwind
113477				4	1	1	Durotar	1	-634.474	-4482.160	46.124	47.700	69.300				dumps-part1	Durotar
114549				19	1	2	Barrens	1	-589.832	-2640.643	95.788	51.900	32.600				dumps-part1	Barrens | Durotar
116016	Gentle Palamanther			1	1	1	Durotar	1	815.452	-4236.580	21.133	43.000	28.200				dumps-part1	Durotar
118329				1	1	1	Alterac	0	-6506.011	-1152.915	307.831	69.200	428.900				dumps-part1	Alterac
161732	Esgramor			1	1	1	Durotar	1	-603.725	-4246.920	38.956	43.200	68.400				dumps-part1	Durotar
161791	Uneasy Citizen			16	1	1	Durotar	1	-642.595	-4225.700	38.134	42.800	69.500				dumps-part1	Durotar
162830	Thol'gark			6	1	1	Durotar	1	297.283	-4665.070	27.548	51.100	42.900				dumps-part1	Durotar
162831	Shagara			7	1	1	Durotar	1	369.650	-4681.560	16.465	51.400	40.800				dumps-part1	Durotar
162832	Zagrah			5	1	1	Durotar	1	330.434	-4760.990	12.601	52.900	41.900				dumps-part1	Durotar
162833	Kor'gar			9	1	1	Durotar	1	243.516	-4758.050	12.119	52.900	44.400				dumps-part1	Durotar
162834	Rivenruin Myrmidon			38	1	1	Durotar	1	357.495	-5036.980	17.574	58.100	41.200				dumps-part1	Durotar
162835	Rivenruin Sorceress			19	1	1	Durotar	1	365.391	-5045.450	21.699	58.300	40.900				dumps-part1	Durotar
162836	Thirsty Peon			30	1	1	Durotar	1	402.494	-4638.020	18.550	50.600	39.900				dumps-part1	Durotar
162838	Foreman Dirgran			7	1	1	Durotar	1	375.735	-4664.360	16.135	51.100	40.600				dumps-part1	Durotar
162839	Karagar			7	1	1	Durotar	1	367.700	-4764.090	30.111	53.000	40.900				dumps-part1	Durotar
162840				1	1	1	Durotar	1	332.782	-4986.610	21.160	57.200	41.900				dumps-part1	Durotar
162841	Bagamul Skyfang			9	1	1	Durotar	1	244.590	-4699.780	38.530	51.800	44.400				dumps-part1	Durotar
162916	Rivenruin Brute			2	1	1	Durotar	1	416.939	-5103.850	-30.112	59.400	39.500				dumps-part1	Durotar
162928	Orphan Child			6	1	1	Durotar	1	321.367	-4748.016	9.560	52.700	42.200				dumps-part1	Durotar
162929	Grunt Zargul			2	1	1	Durotar	1	250.855	-4854.320	54.454	54.700	44.200				dumps-part1	Durotar
162949				43	1	1	Durotar	1	149.062	-4777.270	11.792	53.200	47.100				dumps-part1	Durotar
162956	Druzzak			6	1	1	Durotar	1	299.596	-4629.030	36.269	50.400	42.800				dumps-part1	Durotar
162957	Ragrath			6	1	1	Durotar	1	303.533	-4744.870	9.627	52.600	42.700				dumps-part1	Durotar
162958	Zann’jaro			7	1	1	Durotar	1	308.387	-4757.206	9.399	52.900	42.600				dumps-part1	Durotar
162959	Yaz’mora			6	1	1	Durotar	1	305.283	-4746.030	9.560	52.600	42.600				dumps-part1	Durotar
162966	Drogra			6	1	1	Durotar	1	359.317	-4795.480	26.659	53.600	41.100				dumps-part1	Durotar
162967	Krashna			5	1	1	Durotar	1	322.191	-4701.920	15.929	51.800	42.200				dumps-part1	Durotar
178081	Chromie			2	1	1	Stormwind	0	-8820.620	624.934	94.934	63.200	71.200				dumps-part1	Stormwind
179541	Harrison Jones			1	1	1	Stormwind	0	-8867.550	608.760	93.371	64.100	75.300				dumps-part1	Stormwind
179542	Mazoga Museda			1	1	1	Stormwind	0	-8440.820	408.283	121.688	75.700	38.400				dumps-part1	Stormwind
188672	Thomas Yance			2	1	1	Stormwind	0	-8802.560	659.841	96.199	61.200	69.600				dumps-part1	Stormwind
190015	Marazz			1	1	1	Stormwind	0	-8801.220	668.413	96.200	60.700	69.500				dumps-part1	Stormwind
192004	Gairub			3	1	1	Stormwind	0	-8919.210	489.644	93.857	71.000	79.700				dumps-part1	Stormwind
192006	Rikorub			1	1	1	Stormwind	0	-8926.380	484.308	93.857	71.300	80.300				dumps-part1	Stormwind
200200	Darien's Horse			1	1	1	Stormwind	0	-8870.510	565.910	94.654	66.600	75.500				dumps-part1	Stormwind
200204	Grogmar's Snarler			1	1	1	Durotar	1	-591.471	-4252.080	38.956	43.300	68.100				dumps-part1	Durotar
201650	Willow Wonderwood			1	1	1	Durotar	1	745.212	-4278.310	17.920	43.800	30.200				dumps-part1	Durotar
254011	Sakari			1	1	1	Durotar	1	-556.495	-4218.570	41.831	42.700	67.100				dumps-part1	Durotar
254012	Queen Erethina			2	1	1	Durotar	1	580.945	-4549.080	41.198	48.900	34.800				dumps-part1	Durotar
254610	Joyous Kitten			1	1	1	Stormwind	0	-8833.017	629.172	94.030	62.900	72.300				dumps-part1	Stormwind
254677	Friendly Sludgemonster			1	1	1	Stormwind	0	-8823.199	621.152	94.225	63.400	71.400				dumps-part1	Stormwind
254817	Watcher of Tomes			3	1	1	Durotar	1	301.113	-4741.820	9.650	52.600	42.800				dumps-part1	Durotar
289612				77	1	2	Durotar	1	-609.465	-4254.670	38.956	43.400	68.600				dumps-part1	Durotar | Stormwind
300198	Uzla			1	1	1	Durotar	1	-553.560	-4196.570	46.316	42.300	67.000				dumps-part1	Durotar
314858				18	1	2	Barrens	1	-349.018	-2690.993	100.293	52.400	29.000				dumps-part1	Barrens | Durotar
314860				1	1	1	Barrens	1	-581.861	-2641.694	99.288	52.000	32.500				dumps-part1	Barrens
400000	Romus the Redeemer			1	1	1	Stormwind	0	-8432.420	398.160	120.887	76.200	37.700				dumps-part1	Stormwind
407260				4	1	1	Alterac	0	-6488.600	-978.557	334.968	62.900	428.000				dumps-part1	Alterac
415000	Yerg the Ambassador			1	1	1	Barrens	1	-959.730	-3632.470	17.476	61.700	38.100				dumps-part1	Barrens
416000	Edrim Skysong			1	1	1	Stormwind	0	-8436.420	399.554	120.886	76.200	38.000				dumps-part1	Stormwind
440555				3	1	2	Durotar	1	341.287	-4696.565	16.458	51.700	41.600				dumps-part1	Durotar | Stormwind
449176	Rexie			5	1	1	Durotar	1	333.194	-4712.840	14.203	52.000	41.800				dumps-part1	Durotar
449324				1	1	1	Barrens	1	-1070.450	-3537.210	64.300	60.800	39.700				dumps-part1	Barrens
449340	Tav'vin			1	1	1	Durotar	1	-635.231	-4230.280	38.135	42.900	69.300				dumps-part1	Durotar
449357	Galrin Olemar			1	1	1	Stormwind	0	-8818.580	671.774	95.425	60.500	71.000				dumps-part1	Stormwind
499450	Riko			1	1	1	Stormwind	0	-8547.530	358.878	108.386	78.500	47.600				dumps-part1	Stormwind
499592	Ancient Nest Guardian			1	1	1	Durotar	1	355.081	-4735.820	9.856	52.500	41.200				dumps-part1	Durotar
499754	Wisper			1	1	1	Stormwind	0	-8812.086	660.206	96.198	61.200	70.500				dumps-part1	Stormwind
519908	"Baby Kodo"			3	1	1	Barrens	1	-523.372	-2664.799	97.216	52.200	31.600				dumps-part1	Barrens
519910	Night Web Spider Hatchling			3	1	1	Durotar	1	-640.976	-4774.707	27.442	53.200	69.500				dumps-part1	Durotar
629238				2	1	1	Durotar	1	15.672	-4595.530	50.558	49.800	50.900				dumps-part1	Durotar
666925	Azeroth Execute Training Dummy			1	1	1	Stormwind	0	-8964.600	574.104	93.842	66.100	83.600				dumps-part1	Stormwind
666928	Azeroth Tank Training Dummy			3	1	1	Stormwind	0	-8976.780	565.105	93.861	66.600	84.700				dumps-part1	Stormwind
666935	Azeroth Healing Dummy			3	1	1	Stormwind	0	-8731.630	343.887	101.019	79.400	63.500				dumps-part1	Stormwind
685035				1	1	1	Durotar	1	-642.511	-4336.420	53.591	44.900	69.500				dumps-part1	Durotar
685139				1	1	1	Durotar	1	-642.583	-4336.750	53.573	44.900	69.500				dumps-part1	Durotar
764783	Senior Den Grunt			1	1	1	Durotar	1	-557.075	-4291.500	37.184	44.000	67.100				dumps-part1	Durotar
780003				1	1	1	Stormwind	0	-8795.066	609.287	96.773	64.100	69.000				dumps-part1	Stormwind
840093				1	1	1	Durotar	1	-56.978	-4958.211	21.413	56.700	52.900				dumps-part1	Durotar
840141				8	1	2	Alterac	0	-6556.850	-1274.230	136.287	73.500	431.600				dumps-part1	Alterac | SearingGorge
840143				4	1	2	Alterac	0	-6418.750	-1242.080	180.939	72.300	424.200				dumps-part1	Alterac | SearingGorge
875000	Voidwalker Minion			2	1	1	Durotar	1	861.396	-4174.572	-14.110	41.800	26.900				dumps-part1	Durotar
900007	Tiraxis			1	1	1	Stormwind	0	-8803.780	670.239	96.200	60.600	69.800				dumps-part1	Stormwind
903519	Sylran Azuresign			2	1	1	Stormwind	0	-8813.910	601.789	96.734	64.500	70.600				dumps-part1	Stormwind
967254	Dynamic Training Dummy			10	1	1	Stormwind	0	-8914.920	490.426	93.861	70.900	79.300				dumps-part1	Stormwind
970029	Flette			1	1	1	Barrens	1	-974.287	-3718.490	6.636	62.600	38.300				dumps-part1	Barrens
988501	Unleashed Book of Ascension			2	1	2	Durotar	1	339.175	-4690.880	16.458	51.600	41.700				dumps-part1	Durotar | Stormwind
1000009	Fel Wyrm Whelp			1	1	1	Durotar	1	773.057	-4583.340	2.291	49.600	29.400				dumps-part1	Durotar
1100416	Chouri			15	1	2	Barrens	1	-449.043	-2648.923	95.637	52.000	30.500			Gartuk | Gratai	dumps-part1	Barrens | Durotar
1100417				4	1	3	Durotar	1	-251.070	-5096.550	23.820	59.300	58.400				dumps-part1	Durotar | SearingGorge | Stormwind
1101860	Barmon			48	1	5	Alterac	0	-6588.472	-1216.036	186.718	71.400	433.300			Barthang | Phannuz | Jhaztast | Mezzphog | Thulzazt | Sarkrit | Mezzgron | Hokvhug | Thannuz | Thulthak | Hukdoc | Sarjuk | Zhar'vhug	dumps-part1	Alterac | Barrens | Durotar | SearingGorge | Stormwind
1101863				2	1	1	Barrens	1	-947.993	-3700.982	7.073	62.400	37.900				dumps-part1	Barrens
1102523	Searing Totem			2	1	1	Durotar	1	-244.636	-5007.199	21.311	57.600	58.200				dumps-part1	Durotar
1103579	Stoneclaw Totem			1	1	1	Durotar	1	717.162	-4488.534	15.289	47.800	31.000				dumps-part1	Durotar
1103902	Searing Totem II			2	1	1	Durotar	1	436.296	-5034.331	2.512	58.100	38.900				dumps-part1	Durotar
1105873	Stoneskin Totem			1	1	1	Durotar	1	642.933	-4545.657	8.781	48.900	33.100				dumps-part1	Durotar
1105874	Strength of Earth Totem			2	1	1	Durotar	1	1051.604	-4768.189	15.923	53.100	21.500				dumps-part1	Durotar
1105922	Strength of Earth Totem III			1	1	1	SearingGorge	0	-6475.437	-1258.198	180.427	41.900	25.200				dumps-part1	SearingGorge
1106112	Windfury Totem			1	1	1	SearingGorge	0	-6481.431	-1257.928	180.369	41.900	25.600				dumps-part1	SearingGorge
1107415	Mana Spring Totem III			1	1	1	SearingGorge	0	-6478.568	-1261.060	180.441	42.000	25.400				dumps-part1	SearingGorge
1107465	Magma Totem III			4	1	2	Alterac	0	-6485.646	-1269.480	180.502	73.300	427.800				dumps-part1	Alterac | SearingGorge
1117252				3	1	2	SearingGorge	0	-6527.667	-1157.787	309.642	37.400	28.800				dumps-part1	SearingGorge | Stormwind
1414503	Markus			1	1	1	Stormwind	0	-8427.660	398.407	120.886	76.200	37.300				dumps-part1	Stormwind
2180004				1	1	1	Durotar	1	1320.060	-4650.850	53.879	50.800	13.900				dumps-part1	Durotar
2180020	Conductor Wizzywigs			1	1	1	Stormwind	0	-8356.330	526.380	91.796	68.900	31.100				dumps-part1	Stormwind
2304861				1	1	1	Durotar	1	337.194	-4689.403	16.458	51.600	41.700				dumps-part1	Durotar
9780012	Guardian of Time			3	1	2	Barrens	1	-948.800	-3701.630	6.972	62.400	37.900				dumps-part1	Barrens | Stormwind
9990001	Teri Glozilk			1	1	1	Stormwind	0	-8933.210	487.480	93.845	71.100	80.900				dumps-part1	Stormwind
10111377	Treasure Keeper			5	1	2	Barrens	1	-949.548	-3694.398	6.892	62.300	37.900				dumps-part1	Barrens | Stormwind
10157356	Challenger Darien			1	1	1	Stormwind	0	-8869.970	569.638	94.459	66.400	75.500				dumps-part1	Stormwind
10157359	Challenger Grogmar			1	1	1	Durotar	1	-592.365	-4248.300	38.956	43.200	68.100				dumps-part1	Durotar
11000017	Cap'n Berry			1	1	1	Stormwind	0	-8834.352	643.575	95.091	62.100	72.400				dumps-part1	Stormwind
11000090	Glrgky, the Pursuer			1	1	1	Stormwind	0	-8832.579	628.650	94.019	63.000	72.200				dumps-part1	Stormwind
11000188	Prismatic Slimesaber Kitten			1	1	1	Stormwind	0	-8431.522	407.089	120.886	75.700	37.600				dumps-part1	Stormwind
11000190	Prismatic Slimesaber			1	1	1	Stormwind	0	-8443.850	407.284	120.886	75.700	38.700				dumps-part1	Stormwind
11000215				1	1	1	Barrens	1	-408.899	-2640.826	96.223	51.900	29.900				dumps-part1	Barrens
