sha256	kind	bytes	status	discoveries	realms
322b61baa18f10ae4f42b893ab508dd116eba445d74488dfaede991bf5089c9c	lua	3286414	ok	1545	Vol'jin - Conquest of Azeroth
556b567e06c136e72f2cc62b75305d47b12327def367f2d1f27232cb5ccae0a2	lua	10260989	ok	2857	Rexxar - Conquest of Azeroth
65cbdc69318b48b59424732148789b9c4933a9bec98069b4f576de05f316e530	lua	9898352	ok	3311	Rexxar - Conquest of Azeroth|Vol'jin - Conquest of Azeroth
68f06f9e82e3627617375d12c6afbaf1dc6ba99e5911832daa3550663050028e	lua	3430002	empty (no content)	0	
6afd1093f54a3236b8cbd24aeac7cef36dc77846dbfae69ea1f0a02529ad3850	bak	3067779	ok	2230	Vol'jin - Conquest of Azeroth
6c19b107451298e161bda937aaede47bfdd42d0ea4824f9cbd88cda97ae07b7a	bak	4318841	ok	2680	Rexxar - Conquest of Azeroth
71ec0efcab1694663834aa3320ddb38ae6b64db34bc50658aad36ec573099137	bak	1785769	empty (no content)	0	
76a8de8053af85849971db3cd658798778b0741340593f30656994e1effcd9b3	bak	4137951	ok	2859	Rexxar - Conquest of Azeroth
7c6969f7d99b0b2f892e0268724c36a1458ef978c42a21a4d5e4783ac4e64b7d	bak	3803996	ok	2668	Rexxar - Conquest of Azeroth
831bd49e50a1d17cb773bbeb80ddb7d260d3e713d800f8ea566ad2984cf025c8	bak	2235264	ok	1674	Vol'jin - Conquest of Azeroth
8c9ce0fc61e5c26d97825b65df6d35a845d8afff0544cb3e3924b62965fe6cf1	bak	1885227	ok	1619	Vol'jin - Conquest of Azeroth
90ee20413502a7b9983fe3ca0afba129b0f9984c95110bca29e0e023af636b03	lua	9217194	ok	5975	Bronzebeard - Warcraft Reborn|Rexxar - Conquest of Azeroth
989c30bc4b7e84cec9ef201ca33aaf53fbbb95c574e612dd3bdd5f366c21770f	lua	12786666	ok	5625	Rexxar - Conquest of Azeroth|Vol'jin - Conquest of Azeroth
b2ce66a676e30cc87229905d51e4d3e04dbada45cf79a080c2fd8644395e46bc	bak	3830305	ok	2723	Rexxar - Conquest of Azeroth
b630e7f396660fa0ab6391d0e531c57ebc7a087e7ff8afff3628ccf30ed06a88	lua	8034390	ok	5680	Area 52 - Free-Pick|Bronzebeard - Warcraft Reborn|Dawnrise - Season 10 Freepick|Vol'jin - Conquest of Azeroth
bc6c6698262683f3b0ddd42fc9b2b714a3bcfc507d664495265302dceb094987	lua	7823712	ok	3601	Rexxar - Conquest of Azeroth|Vol'jin - Conquest of Azeroth
beb7a430feb3b03842cdb387b42e84f6c088c56d9a62ab5215d0be661550e156	bak	2569062	ok	2464	Vol'jin - Conquest of Azeroth
bff0c17355a66a8a2ff45fcabe6c9a061f2bfb391b956e1fac04e93499cdd41a	lua	11352564	ok	4377	Rexxar - Conquest of Azeroth|Vol'jin - Conquest of Azeroth
d64f887fbb8cc51ede8fa4a9d99f074ec61b1c7dab316b7fc9b79b49618b1c13	lua	7922228	ok	5141	Area 52 - Free-Pick|Darkmoon - Season 10 Wildcard|Vol'jin - Conquest of Azeroth
e26c0b438818fc1c9372ced744419fa4eaa556a0218fa6a67689e0ace1f6ed52	bak	3883468	ok	2497	Rexxar - Conquest of Azeroth
e8f18c4f5def5d3f97d7c5879e0a7bc47bfc8af8ae7fefdd9a81ac86ab32a6a9	lua	3553389	ok	2463	Vol'jin - Conquest of Azeroth
fa863e439114025aebb12bbcfd79161e377ca5166a1eff870f24c18416bb6b70	bak	5551660	ok	2897	Rexxar - Conquest of Azeroth
